{"cameraMode":{"drawMode":0,"name":"Shaded","section":"Shading Mode"},"sceneLighting":false,"audioPlay":false,"sceneViewState":{"showFog":false,"showMaterialUpdate":false,"showSkybox":false,"showFlares":false,"showImageEffects":false,"showParticleSystems":true},"in2DMode":false,"pivot":{"x":718.471923828125,"y":-22.16408920288086,"z":902.747802734375},"rotation":{"x":-0.23324516415596009,"y":-0.11499454081058502,"z":0.022780125960707666,"w":-0.9658046960830689},"size":0.0000095367431640625,"orthographic":true}